{
  "tableDefinitions": [{
    "name": "TRANSACTIONLOG_SEARCH",
    "type": "DB",
    "columns": [{
      "id": "COLID_CUSTOMERIDENTIFIER",
      "length": 128,
      "type": "String",
      "sqlType": "VARCHAR",
      "name": "CUSTOMERIDENTIFIER",
      "mandatory": false,
      "primaryKey": false
    }]
  },{
    "name": "MAIN_DATA_TABLE",
    "type": "UI",
    "columns": [{
      "id": "COLID_CUSTOMERIDENTIFIER",
      "type": "String",
      "name": "Customer Id"
    }]
  }],
  "tableColumnMappings": [{
    "tableName": "TRANSACTIONLOG_SEARCH",
    "type": "DB",
    "mappings": [{
      "columnId": "COLID_CUSTOMERIDENTIFIER",
      "businessStepName": "purchaseOrder.process",
      "facet": "customerIdentification",
      "jsonPointer": "id",
      "isRegExp": true
    }]
  },{
    "tableName": "MAIN_DATA_TABLE",
    "type": "UI",
    "mappings": [{
      "columnId": "COLID_CUSTOMERIDENTIFIER",
      "businessStepName": ".*",
      "refColumnIDs": [
        "DB.TRANSACTIONLOG_SEARCH.COLID_CUSTOMERIDENTIFIER"
      ],
      "isRegExp": true
    }]
  },{
    "tableName": "CUSTOM_FIELDS",
    "type": "UI",
    "mappings": [{
      "columnId": "COLID_CUST_FIELD1",
      "businessStepName": "purchaseOrder.process",
      "isRegExp": false,
      "facet": "customerIdentification",
      "jsonPointer": "id",
      "label": "customer_identification"
    }]
  }, {
    "tableName": "AMOUNTS_AND_ACCOUNTS",
    "type": "UI",
    "mappings": [{
      "columnId": "COLID_AMOUNT1",
      "businessStepName": "purchaseOrder.process",
      "isRegExp": false,
      "facet": "purchaseAmount",
      "jsonPointer": "requestedAmount",
      "label": "purchase_amount"
    }]
  }
  ],
  "queries": [],
  "queryParameterDefinitions": [{
    "id": "PDID_CUSTOMERIDENTIFIER",
    "columnId": "COLID_CUSTOMERIDENTIFIER",
    "user": true,
    "tableName": "TRANSACTIONLOG_SEARCH",
    "uiDefinition": {
      "label": "Customer Identifier",
      "type": "SIMPLE"
    }
  }]
}